{
  "name": "shared-compendiums",
  "title": "Shared Compendiums",
  "description": "For sharing content between worlds",
  "version": "1.0.0",
  "minimumCoreVersion": "0.7.9",
  "compatibleCoreVersion": "9",
  "author": "MWK",
  "authors": [
    {
      "name": "MWK"
    }
  ],
  "packs": [
    {
      "name": "maps",
      "label": "Shared Compendiums",
      "path": "/packs/maps.db",
      "entity": "Scene",
      "type": "Scene"
    },
    {
      "name": "actors",
      "label": "Shared Compendiums",
      "path": "/packs/actors.db",
      "entity": "Actor",
      "type": "Actor"
    },
    {
      "name": "journals",
      "label": "Shared Compendiums",
      "path": "/packs/journals.db",
      "entity": "JournalEntry",
      "type": "JournalEntry"
    },
    {
      "name": "items",
      "label": "Shared Compendiums",
      "path": "/packs/items.db",
      "entity": "Item",
      "type": "Item"
    },
    {
      "name": "rolltables",
      "label": "Shared Compendiums",
      "path": "/packs/rolltables.db",
      "entity": "RollTable",
      "type": "RollTable"
    },
    {
      "name": "macros",
      "label": "Shared Compendiums",
      "path": "/packs/macros.db",
      "entity": "Macro",
      "type": "Macro"
    },
    {
      "name": "playlists",
      "label": "Shared Compendiums",
      "path": "/packs/playlists.db",
      "entity": "Playlist",
      "type": "Playlist"
    }
  ],
  "esmodules": [
    "./scripts/init.js"
  ],
  "dependencies": [],
  "url": "https://github.com/SecretSquirrel77/shared-content/blob/main/module.json",
  "manifest": "https://github.com/SecretSquirrel77/shared-content/blob/main/module.json",
  "download": "https://github.com/SecretSquirrel77/shared-content/blob/main/shared-compendiums.zip",
  "manifestPlusVersion": "1.2.0"
}